sample_id,cram_url,md5sum
NA12778,ftp://ftp.sra.ebi.ac.uk/vol1/run/ERR323/ERR3239484/NA12778.final.cram,b03ae320c1a3b13c750d23d28a8dbc13
NA12889,ftp://ftp.sra.ebi.ac.uk/vol1/run/ERR323/ERR3239489/NA12889.final.cram,8a296693b8cc751be93f2f2ead749dd0
NA20754,ftp://ftp.sra.ebi.ac.uk/vol1/run/ERR323/ERR3239834/NA20754.final.cram,9e8646bfa1091e89249b73376d47d442
NA20759,ftp://ftp.sra.ebi.ac.uk/vol1/run/ERR323/ERR3239839/NA20759.final.cram,3607715f2dff0413bb3d42aec45f5f86
NA20766,ftp://ftp.sra.ebi.ac.uk/vol1/run/ERR323/ERR3239846/NA20766.final.cram,750073b67d68f252a72f400485a362c4
NA20771,ftp://ftp.sra.ebi.ac.uk/vol1/run/ERR323/ERR3239851/NA20771.final.cram,92ede3002b19d888c3a6f1b100070d19
NA20773,ftp://ftp.sra.ebi.ac.uk/vol1/run/ERR323/ERR3239853/NA20773.final.cram,2514c423bfd1612580425e28076ae24d
HG00121,ftp://ftp.sra.ebi.ac.uk/vol1/run/ERR324/ERR3240195/HG00121.final.cram,c499d569b5c7a0e22964d3078f8ce3b8
HG00159,ftp://ftp.sra.ebi.ac.uk/vol1/run/ERR324/ERR3240200/HG00159.final.cram,94fd57aab695551ad5bf74777e2fe170
HG00232,ftp://ftp.sra.ebi.ac.uk/vol1/run/ERR324/ERR3240202/HG00232.final.cram,a9075357d9cde7d93e961d483d937e93
NA20783,ftp://ftp.sra.ebi.ac.uk/vol1/run/ERR323/ERR3239857/NA20783.final.cram,245fe0d9b2119d10a4a1c832a443eaf8
NA20786,ftp://ftp.sra.ebi.ac.uk/vol1/run/ERR323/ERR3239859/NA20786.final.cram,4d9652054430f08116c3dcea015ae483
NA20796,ftp://ftp.sra.ebi.ac.uk/vol1/run/ERR323/ERR3239864/NA20796.final.cram,a85ee403b9ad63b5a8514978992eabbf
NA20803,ftp://ftp.sra.ebi.ac.uk/vol1/run/ERR323/ERR3239871/NA20803.final.cram,42311856d55e1561c42cb87755a7ecc0
HG00242,ftp://ftp.sra.ebi.ac.uk/vol1/run/ERR324/ERR3240206/HG00242.final.cram,a7473804c49bd4f2c66bab5bd6004530
HG00244,ftp://ftp.sra.ebi.ac.uk/vol1/run/ERR324/ERR3240208/HG00244.final.cram,4131571a34488c1a7882ee0810ffe78e
HG00256,ftp://ftp.sra.ebi.ac.uk/vol1/run/ERR324/ERR3240213/HG00256.final.cram,d22be21101ae1d5ebd61d215deda6449
HG00264,ftp://ftp.sra.ebi.ac.uk/vol1/run/ERR324/ERR3240221/HG00264.final.cram,b5a37d12f10651ee20e40c910dce0944
HG00269,ftp://ftp.sra.ebi.ac.uk/vol1/run/ERR324/ERR3240226/HG00269.final.cram,66b4b0844bb3ac7044e587bf584e08cd
NA20810,ftp://ftp.sra.ebi.ac.uk/vol1/run/ERR323/ERR3239878/NA20810.final.cram,ca69e81cdbbe4891070deb3cc6b0edb9
NA20815,ftp://ftp.sra.ebi.ac.uk/vol1/run/ERR323/ERR3239883/NA20815.final.cram,b7e0c0ece2b8b3d0672959b0720b87d1
NA20819,ftp://ftp.sra.ebi.ac.uk/vol1/run/ERR323/ERR3239885/NA20819.final.cram,8302a4a83b8c16ea97687dfce6bd8bef
NA20828,ftp://ftp.sra.ebi.ac.uk/vol1/run/ERR323/ERR3239890/NA20828.final.cram,440c9e91c73a99a3128579dd1b348acd
HG00309,ftp://ftp.sra.ebi.ac.uk/vol1/run/ERR324/ERR3240232/HG00309.final.cram,9d27b27cb21129f102ab65ddb7c43454
HG00313,ftp://ftp.sra.ebi.ac.uk/vol1/run/ERR324/ERR3240234/HG00313.final.cram,069343c96e5c9f7bc20fbfb5e259c835
HG00321,ftp://ftp.sra.ebi.ac.uk/vol1/run/ERR324/ERR3240239/HG00321.final.cram,ed8b8d47ba64fa47d4a132a7e92e4e41
HG00338,ftp://ftp.sra.ebi.ac.uk/vol1/run/ERR324/ERR3240246/HG00338.final.cram,b4daa95cf2b1d95f0ae9131a1515448b
NA18867,ftp://ftp.sra.ebi.ac.uk/vol1/run/ERR323/ERR3239547/NA18867.final.cram,d5faebda0ddf424cdbdcdc41ff1fccf8
HG00345,ftp://ftp.sra.ebi.ac.uk/vol1/run/ERR324/ERR3240251/HG00345.final.cram,b52ab11d47a2480df3754a3450bee44a
HG00353,ftp://ftp.sra.ebi.ac.uk/vol1/run/ERR324/ERR3240256/HG00353.final.cram,6732c5cb55de93f9c8651c063bdf7872
HG00362,ftp://ftp.sra.ebi.ac.uk/vol1/run/ERR324/ERR3240263/HG00362.final.cram,8b020db900d3ad7d76a5b48ca3d9e3f7
HG00371,ftp://ftp.sra.ebi.ac.uk/vol1/run/ERR324/ERR3240270/HG00371.final.cram,f70424722f3da4f73c8c1e72d1034dae
HG00376,ftp://ftp.sra.ebi.ac.uk/vol1/run/ERR324/ERR3240274/HG00376.final.cram,410d57f120655fd7d76b4a0eb6278c5c
NA06986,ftp://ftp.sra.ebi.ac.uk/vol1/run/ERR323/ERR3239277/NA06986.final.cram,09b26dac0e1f1d338c559260e9098748
NA19096,ftp://ftp.sra.ebi.ac.uk/vol1/run/ERR323/ERR3239619/NA19096.final.cram,8e8279a2c946e76a47efa370e8d61610
NA19146,ftp://ftp.sra.ebi.ac.uk/vol1/run/ERR323/ERR3239626/NA19146.final.cram,e0ee218407814c31c62d6329b11be92f
NA19189,ftp://ftp.sra.ebi.ac.uk/vol1/run/ERR323/ERR3239631/NA19189.final.cram,0ec69564ecd2061e08608b846c4cd9aa
NA19198,ftp://ftp.sra.ebi.ac.uk/vol1/run/ERR323/ERR3239633/NA19198.final.cram,54a0d8133a536dd9608484597ef109e8
NA07357,ftp://ftp.sra.ebi.ac.uk/vol1/run/ERR323/ERR3239283/NA07357.final.cram,95ec238f9872c128e7b9a93ac27ee7f3
NA11831,ftp://ftp.sra.ebi.ac.uk/vol1/run/ERR323/ERR3239288/NA11831.final.cram,706353216b429cf869f1dc1ced35c6f5
NA11840,ftp://ftp.sra.ebi.ac.uk/vol1/run/ERR323/ERR3239290/NA11840.final.cram,c152040a3db04c092f950f856c282902
NA11920,ftp://ftp.sra.ebi.ac.uk/vol1/run/ERR323/ERR3239295/NA11920.final.cram,c30b3ed7d364c8f30fff3e614fc25eac
NA12006,ftp://ftp.sra.ebi.ac.uk/vol1/run/ERR323/ERR3239303/NA12006.final.cram,45f67b1b9dcd1104ecd692023f7b4eb4
NA19236,ftp://ftp.sra.ebi.ac.uk/vol1/run/ERR323/ERR3239638/NA19236.final.cram,809c07db98316cefbf8f1bdb4d71e0ac
NA19248,ftp://ftp.sra.ebi.ac.uk/vol1/run/ERR323/ERR3239640/NA19248.final.cram,407823b556310668746e8473fcc714a3
NA12155,ftp://ftp.sra.ebi.ac.uk/vol1/run/ERR323/ERR3239309/NA12155.final.cram,993c8abd47a68d3635ec11a596e12dd9
NA12716,ftp://ftp.sra.ebi.ac.uk/vol1/run/ERR323/ERR3239316/NA12716.final.cram,4f467db6821e15e339b02597bac7b614
NA12760,ftp://ftp.sra.ebi.ac.uk/vol1/run/ERR323/ERR3239321/NA12760.final.cram,b04545f7dfe3e21133efeaf19c712453
NA12814,ftp://ftp.sra.ebi.ac.uk/vol1/run/ERR323/ERR3239328/NA12814.final.cram,f633160e6ca4b69ec53372d6fd22f0c4
NA18486,ftp://ftp.sra.ebi.ac.uk/vol1/run/ERR323/ERR3239335/NA18486.final.cram,6fb333eacd8ca5e7d94cbe8c6037f579
NA18502,ftp://ftp.sra.ebi.ac.uk/vol1/run/ERR323/ERR3239340/NA18502.final.cram,2a2787f8a5854556a5370c3dbe1ead69
NA18505,ftp://ftp.sra.ebi.ac.uk/vol1/run/ERR323/ERR3239342/NA18505.final.cram,49d5221b233af38b718366cb06a73891
NA18517,ftp://ftp.sra.ebi.ac.uk/vol1/run/ERR323/ERR3239348/NA18517.final.cram,19ef3c083a27e76d1032ff69716782ee
NA18870,ftp://ftp.sra.ebi.ac.uk/vol1/run/ERR323/ERR3239386/NA18870.final.cram,139969d4a4039dcd3b97e687b69ea905
NA18916,ftp://ftp.sra.ebi.ac.uk/vol1/run/ERR323/ERR3239391/NA18916.final.cram,6fac4cf357f7358c7a984e0c1ee9c0bd
HG00097,ftp://ftp.sra.ebi.ac.uk/vol1/run/ERR324/ERR3240115/HG00097.final.cram,951197ec39ef83f8be8eadafc88ce2fc
NA19098,ftp://ftp.sra.ebi.ac.uk/vol1/run/ERR323/ERR3239423/NA19098.final.cram,a4cbea6f229dc8a8bfb6458a4b54a776
NA19102,ftp://ftp.sra.ebi.ac.uk/vol1/run/ERR323/ERR3239425/NA19102.final.cram,535967d6484ebf8e34c1a4014dc6f13f
NA19129,ftp://ftp.sra.ebi.ac.uk/vol1/run/ERR323/ERR3239430/NA19129.final.cram,e1f9881808de34f6ddc6925549e9213b
NA20504,ftp://ftp.sra.ebi.ac.uk/vol1/run/ERR323/ERR3239787/NA20504.final.cram,3ba83b12aed90107e0a3f7723fa83d57
HG00106,ftp://ftp.sra.ebi.ac.uk/vol1/run/ERR324/ERR3240122/HG00106.final.cram,616083b1571123cfd3cb58b7d3be9beb
HG00120,ftp://ftp.sra.ebi.ac.uk/vol1/run/ERR324/ERR3240134/HG00120.final.cram,da2f2e4875d995320287225830398f5a
HG00128,ftp://ftp.sra.ebi.ac.uk/vol1/run/ERR324/ERR3240136/HG00128.final.cram,797d7e3b11fe1496a47a45ad4ef8932d
NA19147,ftp://ftp.sra.ebi.ac.uk/vol1/run/ERR323/ERR3239437/NA19147.final.cram,0fc84db9295c625c6deff1b3aff6ad5d
NA19190,ftp://ftp.sra.ebi.ac.uk/vol1/run/ERR323/ERR3239444/NA19190.final.cram,76b7ea22f8f90f70cff868d171871382
NA19207,ftp://ftp.sra.ebi.ac.uk/vol1/run/ERR323/ERR3239449/NA19207.final.cram,030bc7f9a9eced02e39f717d739ba384
NA19210,ftp://ftp.sra.ebi.ac.uk/vol1/run/ERR323/ERR3239451/NA19210.final.cram,2b7f6ae09a1d2c02bdddf3d3b10b26e0
NA07056,ftp://ftp.sra.ebi.ac.uk/vol1/run/ERR323/ERR3239456/NA07056.final.cram,65a6bec74f779502288041392df1856a
NA20510,ftp://ftp.sra.ebi.ac.uk/vol1/run/ERR323/ERR3239793/NA20510.final.cram,009a0e3d93ebd7dfaeb533e675b3abc3
NA20515,ftp://ftp.sra.ebi.ac.uk/vol1/run/ERR323/ERR3239798/NA20515.final.cram,1781252b893488d1da9b51f54f68bb29
HG00132,ftp://ftp.sra.ebi.ac.uk/vol1/run/ERR324/ERR3240140/HG00132.final.cram,04bb6c14b69d6ccc859f50c17e86d1fc
HG00136,ftp://ftp.sra.ebi.ac.uk/vol1/run/ERR324/ERR3240142/HG00136.final.cram,ce7f175b19ac7756418ba42ee327d1ac
HG00141,ftp://ftp.sra.ebi.ac.uk/vol1/run/ERR324/ERR3240147/HG00141.final.cram,070a70b12d9ed17fdfe208a967f57bc4
HG00151,ftp://ftp.sra.ebi.ac.uk/vol1/run/ERR324/ERR3240155/HG00151.final.cram,c4772d65f0ca771389c0c7ffdbc83617
HG00171,ftp://ftp.sra.ebi.ac.uk/vol1/run/ERR324/ERR3240160/HG00171.final.cram,9bc1ee493f94bd6e332439f267096682
NA06984,ftp://ftp.sra.ebi.ac.uk/vol1/run/ERR323/ERR3239458/NA06984.final.cram,13a141df0f4d4775f7c7a27341e8ab47
NA11930,ftp://ftp.sra.ebi.ac.uk/vol1/run/ERR323/ERR3239463/NA11930.final.cram,aee53f9f287963846fa6899d7be6792f
NA12286,ftp://ftp.sra.ebi.ac.uk/vol1/run/ERR323/ERR3239470/NA12286.final.cram,404e5c6c0ad073966e3ee2c2015717b5
NA12348,ftp://ftp.sra.ebi.ac.uk/vol1/run/ERR323/ERR3239475/NA12348.final.cram,96cbd9d482f14ff0a5e9d70c795482e8
NA12399,ftp://ftp.sra.ebi.ac.uk/vol1/run/ERR323/ERR3239477/NA12399.final.cram,81f1bac204c5d5af2f2a3b1a3777002c
NA20531,ftp://ftp.sra.ebi.ac.uk/vol1/run/ERR323/ERR3239812/NA20531.final.cram,295f9af0e93ada20ff7294200f04dc00
NA20539,ftp://ftp.sra.ebi.ac.uk/vol1/run/ERR323/ERR3239819/NA20539.final.cram,12bee5636903ee4b8c536abaf217a1b8
NA20544,ftp://ftp.sra.ebi.ac.uk/vol1/run/ERR323/ERR3239824/NA20544.final.cram,1b277edfcf67f30f8d275385797b7ce0
NA20589,ftp://ftp.sra.ebi.ac.uk/vol1/run/ERR323/ERR3239831/NA20589.final.cram,bf3d1e29ff582d20644b450ad824f5a0
HG00179,ftp://ftp.sra.ebi.ac.uk/vol1/run/ERR324/ERR3240166/HG00179.final.cram,6257ff3b3163a2663cc22812751232e1
HG00181,ftp://ftp.sra.ebi.ac.uk/vol1/run/ERR324/ERR3240168/HG00181.final.cram,078ca4bf78a5accb54c3ebf76ab6ac59
HG00187,ftp://ftp.sra.ebi.ac.uk/vol1/run/ERR324/ERR3240173/HG00187.final.cram,d623ecd9bf666c2fb30ff81ff4965e51
HG00238,ftp://ftp.sra.ebi.ac.uk/vol1/run/ERR324/ERR3240180/HG00238.final.cram,8d8c9eef67dbc8991a07418cd6150de1
HG01334,ftp://ftp.sra.ebi.ac.uk/vol1/run/ERR324/ERR3241874/HG01334.final.cram,b80aea2a13a9004c3862c2500dc1825d
HG00381,ftp://ftp.sra.ebi.ac.uk/vol1/run/ERR324/ERR3241662/HG00381.final.cram,5c9643ecaadb2676b35dcab0295fba61
HG00384,ftp://ftp.sra.ebi.ac.uk/vol1/run/ERR324/ERR3241664/HG00384.final.cram,c3342e9786aab2679297a8ecd56de66b
HG00250,ftp://ftp.sra.ebi.ac.uk/vol1/run/ERR324/ERR3241781/HG00250.final.cram,439474f9e1e0493dfaa466d98e5755ee
HG00277,ftp://ftp.sra.ebi.ac.uk/vol1/run/ERR324/ERR3241786/HG00277.final.cram,e8281dd9100a5bef220779f325e3deb6
HG00310,ftp://ftp.sra.ebi.ac.uk/vol1/run/ERR324/ERR3241793/HG00310.final.cram,7b5b512d38d3828e7feba27a0d18ba1d
HG00330,ftp://ftp.sra.ebi.ac.uk/vol1/run/ERR324/ERR3241798/HG00330.final.cram,feb2a1fddc0b464b49cd3832652da068
HG00341,ftp://ftp.sra.ebi.ac.uk/vol1/run/ERR324/ERR3241802/HG00341.final.cram,6853b12e976ebb550fe095871d2cb826
HG01790,ftp://ftp.sra.ebi.ac.uk/vol1/run/ERR324/ERR3242186/HG01790.final.cram,435eba36f5eb96f7b88cdc4b4927d57d
NA19650,ftp://ftp.sra.ebi.ac.uk/vol1/run/ERR398/ERR3989413/NA19650.final.cram,2c96349a5d18a310b602aa93584cdaac
HG00512,ftp://ftp.sra.ebi.ac.uk/vol1/run/ERR398/ERR3988780/HG00512.final.cram,2d2d368c0524c49063e5720e593272c4
HG03683,ftp://ftp.sra.ebi.ac.uk/vol1/run/ERR398/ERR3989199/HG03683.final.cram,083c3945202402b88e148d2eba49fe73
HG01573,ftp://ftp.sra.ebi.ac.uk/vol1/run/ERR398/ERR3988905/HG01573.final.cram,81dc07539a88e8791456a149a227a5d2
NA12827,ftp://ftp.sra.ebi.ac.uk/vol1/run/ERR323/ERR3239485/NA12827.final.cram,bf577953d709c5e2ee016aa51e9f70fb
NA12890,ftp://ftp.sra.ebi.ac.uk/vol1/run/ERR323/ERR3239490/NA12890.final.cram,7fc3c5b9735d74c19cc03786093534cb
NA20760,ftp://ftp.sra.ebi.ac.uk/vol1/run/ERR323/ERR3239840/NA20760.final.cram,6cf28e0871146fd1b181ac68f4f80724
HG00122,ftp://ftp.sra.ebi.ac.uk/vol1/run/ERR324/ERR3240196/HG00122.final.cram,07781d5a9ff2dfd121656a6da3265e0a
HG00231,ftp://ftp.sra.ebi.ac.uk/vol1/run/ERR324/ERR3240201/HG00231.final.cram,fd0a6ddb7fb020d017766df9995e33cf
HG00236,ftp://ftp.sra.ebi.ac.uk/vol1/run/ERR324/ERR3240203/HG00236.final.cram,fb4bcd907fee337378436633632f7a82
NA20787,ftp://ftp.sra.ebi.ac.uk/vol1/run/ERR323/ERR3239860/NA20787.final.cram,2ac07f45b33024d499b09863dce564ac
NA20797,ftp://ftp.sra.ebi.ac.uk/vol1/run/ERR323/ERR3239865/NA20797.final.cram,7c9f394f535944d695ab59206b6940e5
HG00243,ftp://ftp.sra.ebi.ac.uk/vol1/run/ERR324/ERR3240207/HG00243.final.cram,fdf834b91195082f2f9423633d2dc4d4
HG00245,ftp://ftp.sra.ebi.ac.uk/vol1/run/ERR324/ERR3240209/HG00245.final.cram,f85cae75a8477809c9c1a6e49be98cb1
HG00257,ftp://ftp.sra.ebi.ac.uk/vol1/run/ERR324/ERR3240214/HG00257.final.cram,bb6f4dade7d8cf16c48321ccfd6bb95b
HG00265,ftp://ftp.sra.ebi.ac.uk/vol1/run/ERR324/ERR3240222/HG00265.final.cram,c335638156a5cf1e0db8b94493852a90
HG00271,ftp://ftp.sra.ebi.ac.uk/vol1/run/ERR324/ERR3240227/HG00271.final.cram,01516380f113ba9270217d1584de29e9
NA20811,ftp://ftp.sra.ebi.ac.uk/vol1/run/ERR323/ERR3239879/NA20811.final.cram,e1154abcc2251829e70c8bf507d48d56
HG00272,ftp://ftp.sra.ebi.ac.uk/vol1/run/ERR324/ERR3240228/HG00272.final.cram,2c49c9039e76096aa74b2691d7dcb723
HG00311,ftp://ftp.sra.ebi.ac.uk/vol1/run/ERR324/ERR3240233/HG00311.final.cram,1b73dbfa06609e41a348d2ae1024bf5f
HG00315,ftp://ftp.sra.ebi.ac.uk/vol1/run/ERR324/ERR3240235/HG00315.final.cram,779194510afb70bf52dc4069c97e8b04
HG00323,ftp://ftp.sra.ebi.ac.uk/vol1/run/ERR324/ERR3240240/HG00323.final.cram,9698e5ed428c4eecc18e76cbb1f0b1bc
HG00339,ftp://ftp.sra.ebi.ac.uk/vol1/run/ERR324/ERR3240247/HG00339.final.cram,685b717bdd55dffc1400a275981dc8c7
NA18868,ftp://ftp.sra.ebi.ac.uk/vol1/run/ERR323/ERR3239548/NA18868.final.cram,4596b02297df79f1411a6817efdd215c
NA18908,ftp://ftp.sra.ebi.ac.uk/vol1/run/ERR323/ERR3239550/NA18908.final.cram,cab5935df8762f89d68e978bc2eb8cf5
NA18933,ftp://ftp.sra.ebi.ac.uk/vol1/run/ERR323/ERR3239555/NA18933.final.cram,993372dc77ab442e7630b6b35bb71a8a
HG00346,ftp://ftp.sra.ebi.ac.uk/vol1/run/ERR324/ERR3240252/HG00346.final.cram,46056fdb1d832faeaa1ef7f123fa6c90
HG00355,ftp://ftp.sra.ebi.ac.uk/vol1/run/ERR324/ERR3240257/HG00355.final.cram,55b8bb89feb81a829cac7c8e0b68bc8b
HG00364,ftp://ftp.sra.ebi.ac.uk/vol1/run/ERR324/ERR3240264/HG00364.final.cram,2da31c15aa41519864b7930486f1f986
HG00369,ftp://ftp.sra.ebi.ac.uk/vol1/run/ERR324/ERR3240269/HG00369.final.cram,597e570fb515e70ed4f8ae81250245cc
HG00372,ftp://ftp.sra.ebi.ac.uk/vol1/run/ERR324/ERR3240271/HG00372.final.cram,f21f79a4731c6c1ecc2a887a258834c3
NA06994,ftp://ftp.sra.ebi.ac.uk/vol1/run/ERR323/ERR3239278/NA06994.final.cram,b313186130fbf9c739a87f1cae648565
NA19107,ftp://ftp.sra.ebi.ac.uk/vol1/run/ERR323/ERR3239620/NA19107.final.cram,332548d4a82f2e5bb9dd47dea1bbac56
NA19149,ftp://ftp.sra.ebi.ac.uk/vol1/run/ERR323/ERR3239627/NA19149.final.cram,efe0f3588055b936cb49cc3a587d4c9c
NA19197,ftp://ftp.sra.ebi.ac.uk/vol1/run/ERR323/ERR3239632/NA19197.final.cram,5b6aa66b8a8eaf1d90975e8e537b297c
NA10847,ftp://ftp.sra.ebi.ac.uk/vol1/run/ERR323/ERR3239284/NA10847.final.cram,da8275fb01c608dce65575396220a1a6
NA11881,ftp://ftp.sra.ebi.ac.uk/vol1/run/ERR323/ERR3239291/NA11881.final.cram,0adf2d389a10e6f77746a9aa4feae70b
NA11931,ftp://ftp.sra.ebi.ac.uk/vol1/run/ERR323/ERR3239296/NA11931.final.cram,49f79b9a5754fe243e6775b5f4b3f212
NA11995,ftp://ftp.sra.ebi.ac.uk/vol1/run/ERR323/ERR3239299/NA11995.final.cram,22f5bfd7b62e17647000405a1d5c92e4
NA19213,ftp://ftp.sra.ebi.ac.uk/vol1/run/ERR323/ERR3239634/NA19213.final.cram,3e4fe1b98490d025b19d4bded7773ff7
NA19256,ftp://ftp.sra.ebi.ac.uk/vol1/run/ERR323/ERR3239641/NA19256.final.cram,a072bd54d898050026b4943af7b9ff10
NA12044,ftp://ftp.sra.ebi.ac.uk/vol1/run/ERR323/ERR3239305/NA12044.final.cram,d29d2294d2a8565153ac84ff26ee0c41
NA12156,ftp://ftp.sra.ebi.ac.uk/vol1/run/ERR323/ERR3239310/NA12156.final.cram,b28adca8e434514ed6e4b36f549c0f3d
NA12717,ftp://ftp.sra.ebi.ac.uk/vol1/run/ERR323/ERR3239317/NA12717.final.cram,36271bd9ebe2c112535c3d7c92fd50f3
NA12761,ftp://ftp.sra.ebi.ac.uk/vol1/run/ERR323/ERR3239322/NA12761.final.cram,c44b51ff1131e6f22186e0e8a4f7ca96
NA12815,ftp://ftp.sra.ebi.ac.uk/vol1/run/ERR323/ERR3239329/NA12815.final.cram,5cfacb40a999f2c6d646702df261f83e
NA12872,ftp://ftp.sra.ebi.ac.uk/vol1/run/ERR323/ERR3239331/NA12872.final.cram,0d4500db05da7695d934959bab0cd071
NA18489,ftp://ftp.sra.ebi.ac.uk/vol1/run/ERR323/ERR3239336/NA18489.final.cram,a6d825d2f418ad9fcc5f5330cbb93176
NA18519,ftp://ftp.sra.ebi.ac.uk/vol1/run/ERR323/ERR3239349/NA18519.final.cram,bbfb27d440194a20397ec8284a9036ea
HG00099,ftp://ftp.sra.ebi.ac.uk/vol1/run/ERR324/ERR3240116/HG00099.final.cram,83eb1c632542d574535681978a7ff450
NA19099,ftp://ftp.sra.ebi.ac.uk/vol1/run/ERR323/ERR3239424/NA19099.final.cram,531e4fdb967d528d5cb86366dc88c0df
NA19108,ftp://ftp.sra.ebi.ac.uk/vol1/run/ERR323/ERR3239426/NA19108.final.cram,771fe4e1b0f39d24938fa32d7795ce03
NA19131,ftp://ftp.sra.ebi.ac.uk/vol1/run/ERR323/ERR3239431/NA19131.final.cram,4f0cab73a582711d93f5961c62f6640f
HG00101,ftp://ftp.sra.ebi.ac.uk/vol1/run/ERR324/ERR3240118/HG00101.final.cram,d581ff70f96bad327b3a643cf4d13bd0
HG00109,ftp://ftp.sra.ebi.ac.uk/vol1/run/ERR324/ERR3240125/HG00109.final.cram,d57407bc82910e81fb6d8ff95439809a
HG00114,ftp://ftp.sra.ebi.ac.uk/vol1/run/ERR324/ERR3240130/HG00114.final.cram,9e22959ebc5527ce72dd6d5c651e0f3f
HG00129,ftp://ftp.sra.ebi.ac.uk/vol1/run/ERR324/ERR3240137/HG00129.final.cram,98a5b445e118ddc22cb9e322d43d9244
NA19152,ftp://ftp.sra.ebi.ac.uk/vol1/run/ERR323/ERR3239438/NA19152.final.cram,18a3f3af8f8ae839a5e1439c2a9dd89b
NA19200,ftp://ftp.sra.ebi.ac.uk/vol1/run/ERR323/ERR3239445/NA19200.final.cram,75cc2770eb2392d5683b4486966226ce
NA19209,ftp://ftp.sra.ebi.ac.uk/vol1/run/ERR323/ERR3239450/NA19209.final.cram,6c993389173490b9769f62fb24c18bdb
NA19225,ftp://ftp.sra.ebi.ac.uk/vol1/run/ERR323/ERR3239452/NA19225.final.cram,269ef5aea62493d5ee573729322386fb
NA20516,ftp://ftp.sra.ebi.ac.uk/vol1/run/ERR323/ERR3239799/NA20516.final.cram,c8f2fcce001fd32295d17689ca586ae5
NA20518,ftp://ftp.sra.ebi.ac.uk/vol1/run/ERR323/ERR3239801/NA20518.final.cram,e46e239d33cb02591128a2c85de6ed31
NA20524,ftp://ftp.sra.ebi.ac.uk/vol1/run/ERR323/ERR3239806/NA20524.final.cram,009460261475fe76315bbd8c30032b0c
HG00137,ftp://ftp.sra.ebi.ac.uk/vol1/run/ERR324/ERR3240143/HG00137.final.cram,1a0223a577fd5a6a4390e13c67ece662
HG00142,ftp://ftp.sra.ebi.ac.uk/vol1/run/ERR324/ERR3240148/HG00142.final.cram,3742e8c6e7854b04fb4a85c0d7fdac00
HG00146,ftp://ftp.sra.ebi.ac.uk/vol1/run/ERR324/ERR3240151/HG00146.final.cram,b741b5f810a0db0d6331e9fae76e54ec
HG00155,ftp://ftp.sra.ebi.ac.uk/vol1/run/ERR324/ERR3240156/HG00155.final.cram,54e54f53f185923681e04267e5e60f9d
NA06989,ftp://ftp.sra.ebi.ac.uk/vol1/run/ERR323/ERR3239459/NA06989.final.cram,cec0bc0d7221741c68d39e1e6f5de531
NA12058,ftp://ftp.sra.ebi.ac.uk/vol1/run/ERR323/ERR3239464/NA12058.final.cram,165911923f042a68a90f509d583b7db6
NA12340,ftp://ftp.sra.ebi.ac.uk/vol1/run/ERR323/ERR3239471/NA12340.final.cram,356f8a821550725fced51802af8c77de
NA12383,ftp://ftp.sra.ebi.ac.uk/vol1/run/ERR323/ERR3239476/NA12383.final.cram,b01dcd61fbaf6a7affaaeb466a406dcb
NA12400,ftp://ftp.sra.ebi.ac.uk/vol1/run/ERR323/ERR3239478/NA12400.final.cram,c09b439ab04568b8bf67656f055d1b86
NA20532,ftp://ftp.sra.ebi.ac.uk/vol1/run/ERR323/ERR3239813/NA20532.final.cram,b3b94ed066893da6cf789e5890038756
NA20540,ftp://ftp.sra.ebi.ac.uk/vol1/run/ERR323/ERR3239820/NA20540.final.cram,3c96b944edff43bceb60bd037f62de46
NA20581,ftp://ftp.sra.ebi.ac.uk/vol1/run/ERR323/ERR3239825/NA20581.final.cram,6df4043d1bcd497d37cb24eef489f112
NA20585,ftp://ftp.sra.ebi.ac.uk/vol1/run/ERR323/ERR3239827/NA20585.final.cram,4cc0b6024aa5f58462a4fd392a669e45
HG00174,ftp://ftp.sra.ebi.ac.uk/vol1/run/ERR324/ERR3240162/HG00174.final.cram,6036ee947c4348cd2afa1b1ceb657bbe
HG00182,ftp://ftp.sra.ebi.ac.uk/vol1/run/ERR324/ERR3240169/HG00182.final.cram,60b44fda28c5de58d732fe6a414bd0e8
HG00188,ftp://ftp.sra.ebi.ac.uk/vol1/run/ERR324/ERR3240174/HG00188.final.cram,99ff21e56e8e39d1a8addccf1c90c903
HG00240,ftp://ftp.sra.ebi.ac.uk/vol1/run/ERR324/ERR3240181/HG00240.final.cram,928e3cb3447fc65c766492f111ff501f
NA12830,ftp://ftp.sra.ebi.ac.uk/vol1/run/ERR324/ERR3243162/NA12830.final.cram,9619e289149fb22e5d25d3613857ed44
HG00251,ftp://ftp.sra.ebi.ac.uk/vol1/run/ERR324/ERR3241782/HG00251.final.cram,da8141a7521d34029f5eb8a7b9232d59
HG00278,ftp://ftp.sra.ebi.ac.uk/vol1/run/ERR324/ERR3241787/HG00278.final.cram,efa3c5d963f6218ff5c102c42464e7f9
HG00281,ftp://ftp.sra.ebi.ac.uk/vol1/run/ERR324/ERR3241789/HG00281.final.cram,37a99b6f5e32b5d0498fb85bd76e80ab
HG00324,ftp://ftp.sra.ebi.ac.uk/vol1/run/ERR324/ERR3241794/HG00324.final.cram,e8905abc39d1a561a83387b8a136a165
HG03009,ftp://ftp.sra.ebi.ac.uk/vol1/run/ERR324/ERR3242842/HG03009.final.cram,a4f0eac69aff14a9f97db299bf6e6118
HG01791,ftp://ftp.sra.ebi.ac.uk/vol1/run/ERR324/ERR3242187/HG01791.final.cram,45be28cb484d1b800a51783c616992b3
NA18487,ftp://ftp.sra.ebi.ac.uk/vol1/run/ERR398/ERR3989345/NA18487.final.cram,7e99d54ba23d2c52c795a6168dc0467a
HG00514,ftp://ftp.sra.ebi.ac.uk/vol1/run/ERR398/ERR3988781/HG00514.final.cram,6d2486c4c40e485aee318d005c396fbb
HG03065,ftp://ftp.sra.ebi.ac.uk/vol1/run/ERR398/ERR3989118/HG03065.final.cram,23e61ec1885aea59356706022fb6e36d
HG01114,ftp://ftp.sra.ebi.ac.uk/vol1/run/ERR398/ERR3988843/HG01114.final.cram,4533f9230cee96120a1b941fd992b5d8
NA07346,ftp://ftp.sra.ebi.ac.uk/vol1/run/ERR398/ERR3989276/NA07346.final.cram,5fb0db65f19f0c3303d4d988d9c8bbd8
HG02011,ftp://ftp.sra.ebi.ac.uk/vol1/run/ERR398/ERR3988973/HG02011.final.cram,e05279865d93d24e9c22246d2e1b4dc5
NA11993,ftp://ftp.sra.ebi.ac.uk/vol1/run/ERR398/ERR3989307/NA11993.final.cram,e2d16e078b9c115660a771e0671739f2
NA12829,ftp://ftp.sra.ebi.ac.uk/vol1/run/ERR323/ERR3239486/NA12829.final.cram,ed7e00eaefe33280d64ccb5b1394ac04
NA18488,ftp://ftp.sra.ebi.ac.uk/vol1/run/ERR323/ERR3239491/NA18488.final.cram,9af166a1b24832fc3f490862be5482d1
NA18534,ftp://ftp.sra.ebi.ac.uk/vol1/run/ERR323/ERR3239493/NA18534.final.cram,2c791bc5fb2fdd806e1c6f3f6e6f32e6
NA20756,ftp://ftp.sra.ebi.ac.uk/vol1/run/ERR323/ERR3239836/NA20756.final.cram,f4008a6feb206541ef1c3b038c0dfe6e
NA20761,ftp://ftp.sra.ebi.ac.uk/vol1/run/ERR323/ERR3239841/NA20761.final.cram,6ab3fad323f3a03943cf9861843424fa
NA20768,ftp://ftp.sra.ebi.ac.uk/vol1/run/ERR323/ERR3239848/NA20768.final.cram,9563d21fe547e1f7e338aa0a63679f9c
NA12777,ftp://ftp.sra.ebi.ac.uk/vol1/run/ERR323/ERR3239483/NA12777.final.cram,2c27484e2b978a819a98db66af7b3863
NA12843,ftp://ftp.sra.ebi.ac.uk/vol1/run/ERR323/ERR3239488/NA12843.final.cram,091e5e1a7526f35aa7e235529dc5245a
HG00123,ftp://ftp.sra.ebi.ac.uk/vol1/run/ERR324/ERR3240197/HG00123.final.cram,26ec0f0b6cd05f510720a860e534c4b2
NA20758,ftp://ftp.sra.ebi.ac.uk/vol1/run/ERR323/ERR3239838/NA20758.final.cram,665085d3c686c6713baf095a8f10c9bf
NA20765,ftp://ftp.sra.ebi.ac.uk/vol1/run/ERR323/ERR3239845/NA20765.final.cram,fdd7eb7d420b40b918776cbc6a50155e
NA20770,ftp://ftp.sra.ebi.ac.uk/vol1/run/ERR323/ERR3239850/NA20770.final.cram,cba56c19dc5ad8799ca7cb25989c2aa0
NA20772,ftp://ftp.sra.ebi.ac.uk/vol1/run/ERR323/ERR3239852/NA20772.final.cram,8f7d85827093d5fba9e413107d5b68a4
NA20774,ftp://ftp.sra.ebi.ac.uk/vol1/run/ERR323/ERR3239854/NA20774.final.cram,b3d68dd487464317aa42df0685fb25f3
NA20790,ftp://ftp.sra.ebi.ac.uk/vol1/run/ERR323/ERR3239861/NA20790.final.cram,3e1d61d88e49d1e09f1d482b8e0b272e
HG00119,ftp://ftp.sra.ebi.ac.uk/vol1/run/ERR324/ERR3240194/HG00119.final.cram,9574c34931ba9906de0acd65665e7a8b
NA20798,ftp://ftp.sra.ebi.ac.uk/vol1/run/ERR323/ERR3239866/NA20798.final.cram,7752110b5d9c0661f3ab5c896854aa50
HG00126,ftp://ftp.sra.ebi.ac.uk/vol1/run/ERR324/ERR3240199/HG00126.final.cram,36643fd96dad15cb1792987e7f1e3471
NA20800,ftp://ftp.sra.ebi.ac.uk/vol1/run/ERR323/ERR3239868/NA20800.final.cram,90300e03406778e9884671ee8951320d
NA20805,ftp://ftp.sra.ebi.ac.uk/vol1/run/ERR323/ERR3239873/NA20805.final.cram,c0cd4c4db3fcd541de8db511bf801e87
HG00252,ftp://ftp.sra.ebi.ac.uk/vol1/run/ERR324/ERR3240210/HG00252.final.cram,2239914f8a57f87b7f6b55aeb5d8a90d
HG00258,ftp://ftp.sra.ebi.ac.uk/vol1/run/ERR324/ERR3240215/HG00258.final.cram,22b1e096abd3fe7e9d3588c7a7a02a78
HG00261,ftp://ftp.sra.ebi.ac.uk/vol1/run/ERR324/ERR3240218/HG00261.final.cram,db543aaf9019cc150b9cdf7f2c657927
HG00266,ftp://ftp.sra.ebi.ac.uk/vol1/run/ERR324/ERR3240223/HG00266.final.cram,4fce85b9cc8580ecce38f123a870d539
NA20778,ftp://ftp.sra.ebi.ac.uk/vol1/run/ERR323/ERR3239856/NA20778.final.cram,f0e4a3a695e91ad080f3e9d5ed46f476
NA20795,ftp://ftp.sra.ebi.ac.uk/vol1/run/ERR323/ERR3239863/NA20795.final.cram,1c436b16ee1f1d6fa84cb890389f9cde
NA20802,ftp://ftp.sra.ebi.ac.uk/vol1/run/ERR323/ERR3239870/NA20802.final.cram,30080ac96162260a38313fc65af3b10a
NA20807,ftp://ftp.sra.ebi.ac.uk/vol1/run/ERR323/ERR3239875/NA20807.final.cram,6602c68bc69f6fab2cba2ae34b96b012
NA20812,ftp://ftp.sra.ebi.ac.uk/vol1/run/ERR323/ERR3239880/NA20812.final.cram,c70782b83cb47fd518528b88d24bf00b
HG00260,ftp://ftp.sra.ebi.ac.uk/vol1/run/ERR324/ERR3240217/HG00260.final.cram,78139ab73afee54456d3e95c28bfb6e8
HG00263,ftp://ftp.sra.ebi.ac.uk/vol1/run/ERR324/ERR3240220/HG00263.final.cram,2f2f64037bc08a5430ad1f9ad0809b01
NA19222,ftp://ftp.sra.ebi.ac.uk/vol1/run/ERR323/ERR3239892/NA19222.final.cram,4ec9df373e77f8f5542a59139d56ae12
HG00268,ftp://ftp.sra.ebi.ac.uk/vol1/run/ERR324/ERR3240225/HG00268.final.cram,09a517736ee28400fcaebd2e7fabbc11
NA12718,ftp://ftp.sra.ebi.ac.uk/vol1/run/ERR323/ERR3239480/NA12718.final.cram,923ca8ff7d4cd65fddd28e855e5f173d
NA12775,ftp://ftp.sra.ebi.ac.uk/vol1/run/ERR323/ERR3239482/NA12775.final.cram,619a0f7c3ca340949c11bb75ec5bbf71
HG00273,ftp://ftp.sra.ebi.ac.uk/vol1/run/ERR324/ERR3240229/HG00273.final.cram,a5920ae9b44ae36db6c5238221f33cde
NA12842,ftp://ftp.sra.ebi.ac.uk/vol1/run/ERR323/ERR3239487/NA12842.final.cram,17471b1faa71859657f4d7ec117b3654
HG00327,ftp://ftp.sra.ebi.ac.uk/vol1/run/ERR324/ERR3240241/HG00327.final.cram,1e11a878111ffeb05108d564df991887
HG00342,ftp://ftp.sra.ebi.ac.uk/vol1/run/ERR324/ERR3240248/HG00342.final.cram,879746a242430a8ba659a80fe7cb51b8
NA20809,ftp://ftp.sra.ebi.ac.uk/vol1/run/ERR323/ERR3239877/NA20809.final.cram,b63be5956d6ff4f85d676f03987838fe
NA20752,ftp://ftp.sra.ebi.ac.uk/vol1/run/ERR323/ERR3239832/NA20752.final.cram,741cfaa31b75a90b5e5ac5d200a31233
NA18873,ftp://ftp.sra.ebi.ac.uk/vol1/run/ERR323/ERR3239549/NA18873.final.cram,1cb961f72df15499768db822d46dabfb
NA20814,ftp://ftp.sra.ebi.ac.uk/vol1/run/ERR323/ERR3239882/NA20814.final.cram,fd04766048c91030d54ba309bd0b909d
NA20757,ftp://ftp.sra.ebi.ac.uk/vol1/run/ERR323/ERR3239837/NA20757.final.cram,c6854fe78918500446f506e76a647e74
NA18910,ftp://ftp.sra.ebi.ac.uk/vol1/run/ERR323/ERR3239551/NA18910.final.cram,1fecf2f93f2aa9fb92f9a47a065aa091
NA18934,ftp://ftp.sra.ebi.ac.uk/vol1/run/ERR323/ERR3239556/NA18934.final.cram,2660d0afa653c1e88fdb11982ee2e010
NA20769,ftp://ftp.sra.ebi.ac.uk/vol1/run/ERR323/ERR3239849/NA20769.final.cram,e123811cbe6c1aeb0502abaa983f76fa
HG00308,ftp://ftp.sra.ebi.ac.uk/vol1/run/ERR324/ERR3240231/HG00308.final.cram,623f8facb2199dc334d776697c012b6b
HG00320,ftp://ftp.sra.ebi.ac.uk/vol1/run/ERR324/ERR3240238/HG00320.final.cram,9973698b1a9ed85f9b312d27a8e666ae
HG00118,ftp://ftp.sra.ebi.ac.uk/vol1/run/ERR324/ERR3240193/HG00118.final.cram,24815bd75d76bdc51475b3c076277a18
HG00335,ftp://ftp.sra.ebi.ac.uk/vol1/run/ERR324/ERR3240243/HG00335.final.cram,0dfe1ec5e21191be7db9a9959a080f9d
HG00125,ftp://ftp.sra.ebi.ac.uk/vol1/run/ERR324/ERR3240198/HG00125.final.cram,4884ae163df838a4d1b32264067f1274
HG00337,ftp://ftp.sra.ebi.ac.uk/vol1/run/ERR324/ERR3240245/HG00337.final.cram,d5b748c429bb24aa1c88592fb59a1802
HG00239,ftp://ftp.sra.ebi.ac.uk/vol1/run/ERR324/ERR3240205/HG00239.final.cram,918b4f98ea3e1b60d79f0c2402f9982f
HG00349,ftp://ftp.sra.ebi.ac.uk/vol1/run/ERR324/ERR3240253/HG00349.final.cram,b0c34c3a9dc894fdb26cb822dab82297
NA18923,ftp://ftp.sra.ebi.ac.uk/vol1/run/ERR323/ERR3239553/NA18923.final.cram,7475915e5da2bf14233d467a6d6c1a36
HG00356,ftp://ftp.sra.ebi.ac.uk/vol1/run/ERR324/ERR3240258/HG00356.final.cram,f375defb2e46bcfff056f735050d5de1
HG00358,ftp://ftp.sra.ebi.ac.uk/vol1/run/ERR324/ERR3240260/HG00358.final.cram,5bf1a6a25ea903fbd1aa630f98a1dd38
HG00365,ftp://ftp.sra.ebi.ac.uk/vol1/run/ERR324/ERR3240265/HG00365.final.cram,afd208406b10fc73a47be986f3b506c1
NA20792,ftp://ftp.sra.ebi.ac.uk/vol1/run/ERR323/ERR3239862/NA20792.final.cram,53d7350cf33d22b5226308f95b203ce9
NA20799,ftp://ftp.sra.ebi.ac.uk/vol1/run/ERR323/ERR3239867/NA20799.final.cram,cd769fd102b9e19aedefdaf12ab60c54
NA20801,ftp://ftp.sra.ebi.ac.uk/vol1/run/ERR323/ERR3239869/NA20801.final.cram,d353222bda1446d2c56616e6e2e54e15
NA20806,ftp://ftp.sra.ebi.ac.uk/vol1/run/ERR323/ERR3239874/NA20806.final.cram,92533e271dc4d1e165e60df986959aeb
HG00344,ftp://ftp.sra.ebi.ac.uk/vol1/run/ERR324/ERR3240250/HG00344.final.cram,f9eeffc034a465aa4de7b85e81155032
HG00253,ftp://ftp.sra.ebi.ac.uk/vol1/run/ERR324/ERR3240211/HG00253.final.cram,7751cd11fa9bb84f6f09a9387527c895
HG00351,ftp://ftp.sra.ebi.ac.uk/vol1/run/ERR324/ERR3240255/HG00351.final.cram,d5f09a59e48d1872690514370ed557a9
HG00259,ftp://ftp.sra.ebi.ac.uk/vol1/run/ERR324/ERR3240216/HG00259.final.cram,e84f413e65e7074de3b21fd832dd0ec4
HG00361,ftp://ftp.sra.ebi.ac.uk/vol1/run/ERR324/ERR3240262/HG00361.final.cram,a8f41ae2d4adb19abcef84964179aae1
HG00262,ftp://ftp.sra.ebi.ac.uk/vol1/run/ERR324/ERR3240219/HG00262.final.cram,2498c13287d6a7bf3b65529415295165
HG00367,ftp://ftp.sra.ebi.ac.uk/vol1/run/ERR324/ERR3240267/HG00367.final.cram,53dc65d1d4eac8058a2ec05125f5178a
HG00267,ftp://ftp.sra.ebi.ac.uk/vol1/run/ERR324/ERR3240224/HG00267.final.cram,7f2ac7a134fae616b38afd403acb3054
NA20813,ftp://ftp.sra.ebi.ac.uk/vol1/run/ERR323/ERR3239881/NA20813.final.cram,c5565571f16d7eb7d13a893e32672441
NA20826,ftp://ftp.sra.ebi.ac.uk/vol1/run/ERR323/ERR3239888/NA20826.final.cram,a14822d4134b39e598d42994d37718fd
HG00375,ftp://ftp.sra.ebi.ac.uk/vol1/run/ERR324/ERR3240273/HG00375.final.cram,8cb12a96dc613c18cc90b2f97660613f
HG00306,ftp://ftp.sra.ebi.ac.uk/vol1/run/ERR324/ERR3240230/HG00306.final.cram,4b409a8c3b00f83407ba27535f7502b9
HG00319,ftp://ftp.sra.ebi.ac.uk/vol1/run/ERR324/ERR3240237/HG00319.final.cram,6490bbcfa89ba3d6fb6e4b2d38773a1c
HG00328,ftp://ftp.sra.ebi.ac.uk/vol1/run/ERR324/ERR3240242/HG00328.final.cram,87bc30de6cd66fdf7a285361565bcc9e
HG00336,ftp://ftp.sra.ebi.ac.uk/vol1/run/ERR324/ERR3240244/HG00336.final.cram,b71696d27d3deffa4fa0a08ab1271f68
NA19113,ftp://ftp.sra.ebi.ac.uk/vol1/run/ERR323/ERR3239621/NA19113.final.cram,f18b0ec768d428d3a46014ecb439d6c0
HG00343,ftp://ftp.sra.ebi.ac.uk/vol1/run/ERR324/ERR3240249/HG00343.final.cram,7745004ed551a65e9759f02629438985
NA19118,ftp://ftp.sra.ebi.ac.uk/vol1/run/ERR323/ERR3239623/NA19118.final.cram,7c0688f07c236e3d1fd0e75a787a6c49
NA18917,ftp://ftp.sra.ebi.ac.uk/vol1/run/ERR323/ERR3239552/NA18917.final.cram,1aba3215ab1f2b57f7414c8f20b07e6a
NA19175,ftp://ftp.sra.ebi.ac.uk/vol1/run/ERR323/ERR3239628/NA19175.final.cram,fbed92695c9ae97a3acd551dd6611a6e
NA18939,ftp://ftp.sra.ebi.ac.uk/vol1/run/ERR323/ERR3239557/NA18939.final.cram,836d4516fac9bea99ff992300ea8ec42
NA06985,ftp://ftp.sra.ebi.ac.uk/vol1/run/ERR323/ERR3239276/NA06985.final.cram,feb8e48a9cea41c622454baf8f3a8377
NA07051,ftp://ftp.sra.ebi.ac.uk/vol1/run/ERR323/ERR3239281/NA07051.final.cram,5cd5bf26a533b9e854b49c1b16e3b6ed
NA10851,ftp://ftp.sra.ebi.ac.uk/vol1/run/ERR323/ERR3239285/NA10851.final.cram,b881f6534d64e268c0f42a94ddade34b
NA19095,ftp://ftp.sra.ebi.ac.uk/vol1/run/ERR323/ERR3239618/NA19095.final.cram,df3014a545e4877c8faef482006cfc9e
NA11894,ftp://ftp.sra.ebi.ac.uk/vol1/run/ERR323/ERR3239292/NA11894.final.cram,eb4a0277aa47d7f66d6bf8e4f1bf82f5
NA19130,ftp://ftp.sra.ebi.ac.uk/vol1/run/ERR323/ERR3239625/NA19130.final.cram,a49ce703755311c01d0e9109c89f862f
HG00350,ftp://ftp.sra.ebi.ac.uk/vol1/run/ERR324/ERR3240254/HG00350.final.cram,26c14bce2fd46c816748d78df7d614ee
NA11992,ftp://ftp.sra.ebi.ac.uk/vol1/run/ERR323/ERR3239297/NA11992.final.cram,5b5433d5d1b042cc234e676c0fa7c9fe
NA19185,ftp://ftp.sra.ebi.ac.uk/vol1/run/ERR323/ERR3239630/NA19185.final.cram,7de19243ed0d25c758d6cdc787678d79
HG00360,ftp://ftp.sra.ebi.ac.uk/vol1/run/ERR324/ERR3240261/HG00360.final.cram,8f999f7d23af96d0aa237d7e43ab60cc
NA19214,ftp://ftp.sra.ebi.ac.uk/vol1/run/ERR323/ERR3239635/NA19214.final.cram,41ca15d0dee387ef6e0abc3f7fa9e580
HG00366,ftp://ftp.sra.ebi.ac.uk/vol1/run/ERR324/ERR3240266/HG00366.final.cram,937f98a99a05fc943ef98ce8d703e7e0
NA07048,ftp://ftp.sra.ebi.ac.uk/vol1/run/ERR323/ERR3239642/NA07048.final.cram,43eaa591c245b23af70b6cd9b3694817
NA07347,ftp://ftp.sra.ebi.ac.uk/vol1/run/ERR323/ERR3239282/NA07347.final.cram,690cdb4c7a122e79b2ad49a04ef011e0
NA11830,ftp://ftp.sra.ebi.ac.uk/vol1/run/ERR323/ERR3239287/NA11830.final.cram,180bda765c44809356b6734028180181
NA11832,ftp://ftp.sra.ebi.ac.uk/vol1/run/ERR323/ERR3239289/NA11832.final.cram,beddeb133d6948840d1be236278cd1ca
NA12005,ftp://ftp.sra.ebi.ac.uk/vol1/run/ERR323/ERR3239302/NA12005.final.cram,4e1360ac56eeb1b620aafc0211fa7cc3
NA12043,ftp://ftp.sra.ebi.ac.uk/vol1/run/ERR323/ERR3239304/NA12043.final.cram,ad9b5fe2baf21347b45096d70cdee257
NA12045,ftp://ftp.sra.ebi.ac.uk/vol1/run/ERR323/ERR3239306/NA12045.final.cram,2cb781bded1ecf92bd6d351f68899f93
NA19247,ftp://ftp.sra.ebi.ac.uk/vol1/run/ERR323/ERR3239639/NA19247.final.cram,5e0b7eca499d9bb1c177eec6aeccccf5
NA12234,ftp://ftp.sra.ebi.ac.uk/vol1/run/ERR323/ERR3239311/NA12234.final.cram,a355d779c84d934b159256699c183c20
HG00373,ftp://ftp.sra.ebi.ac.uk/vol1/run/ERR324/ERR3240272/HG00373.final.cram,5191f5017f0d3e410652e5513dbf1a1b
NA12749,ftp://ftp.sra.ebi.ac.uk/vol1/run/ERR323/ERR3239318/NA12749.final.cram,30acb369add74a0edbeac423b4da7eab
NA12762,ftp://ftp.sra.ebi.ac.uk/vol1/run/ERR323/ERR3239323/NA12762.final.cram,ff9dac9224c6089990f3ad23f81d8d67
NA12776,ftp://ftp.sra.ebi.ac.uk/vol1/run/ERR323/ERR3239325/NA12776.final.cram,693020310903fffecb40b7fa0c18ed64
NA12154,ftp://ftp.sra.ebi.ac.uk/vol1/run/ERR323/ERR3239308/NA12154.final.cram,5ec0f35ee673d3adee691df2ca048557
NA12287,ftp://ftp.sra.ebi.ac.uk/vol1/run/ERR323/ERR3239313/NA12287.final.cram,dc8fe3f8c393c21d5e2048f052746fb1
NA12489,ftp://ftp.sra.ebi.ac.uk/vol1/run/ERR323/ERR3239315/NA12489.final.cram,7a4af053f3d6fb9914a5614cde3e0529
NA12751,ftp://ftp.sra.ebi.ac.uk/vol1/run/ERR323/ERR3239320/NA12751.final.cram,319737083bc41cba3d66fc9dca661ef7
NA07037,ftp://ftp.sra.ebi.ac.uk/vol1/run/ERR323/ERR3239280/NA07037.final.cram,e09dd0768ed965eb4aa99cf34215902e
NA19092,ftp://ftp.sra.ebi.ac.uk/vol1/run/ERR323/ERR3239617/NA19092.final.cram,b98f73432ba48b8f1ecf3e514249ad8b
NA19117,ftp://ftp.sra.ebi.ac.uk/vol1/run/ERR323/ERR3239622/NA19117.final.cram,4cef7a3342aae209700dad0d5629a692
NA12873,ftp://ftp.sra.ebi.ac.uk/vol1/run/ERR323/ERR3239332/NA12873.final.cram,c9a8a6bde1abbcf9ccb034e4901bca4c
NA19121,ftp://ftp.sra.ebi.ac.uk/vol1/run/ERR323/ERR3239624/NA19121.final.cram,82176c7257397134d19943e470315148
NA18498,ftp://ftp.sra.ebi.ac.uk/vol1/run/ERR323/ERR3239337/NA18498.final.cram,d70c2287aac88152cde89043b45946a8
NA19184,ftp://ftp.sra.ebi.ac.uk/vol1/run/ERR323/ERR3239629/NA19184.final.cram,a557eea6c4095cf12627daff7e6d56bc
NA18508,ftp://ftp.sra.ebi.ac.uk/vol1/run/ERR323/ERR3239344/NA18508.final.cram,8aa57afcc13c9f7ea32a0ba0af975c3e
NA12813,ftp://ftp.sra.ebi.ac.uk/vol1/run/ERR323/ERR3239327/NA12813.final.cram,0731fc4a21d75e075c97668da9aa5048
NA11829,ftp://ftp.sra.ebi.ac.uk/vol1/run/ERR323/ERR3239286/NA11829.final.cram,12b36e1b7424b1d43ded8b992005e1c5
NA11918,ftp://ftp.sra.ebi.ac.uk/vol1/run/ERR323/ERR3239293/NA11918.final.cram,1b0b441e7ddd88fbcf51f504ce434b24
NA11994,ftp://ftp.sra.ebi.ac.uk/vol1/run/ERR323/ERR3239298/NA11994.final.cram,bdf976648ac0ace01175a08483b5095e
NA12004,ftp://ftp.sra.ebi.ac.uk/vol1/run/ERR323/ERR3239301/NA12004.final.cram,7815ad0c41183bc19f4237b5f52ce108
NA18511,ftp://ftp.sra.ebi.ac.uk/vol1/run/ERR323/ERR3239346/NA18511.final.cram,9e1b7ec8cf7812d822f4badb4f3e4d33
NA19223,ftp://ftp.sra.ebi.ac.uk/vol1/run/ERR323/ERR3239636/NA19223.final.cram,e95834f445a89c3a9ac8c0b5abfb49c1
NA18520,ftp://ftp.sra.ebi.ac.uk/vol1/run/ERR323/ERR3239350/NA18520.final.cram,cc845a84af9e501e2e2e5f66a9978cd4
NA19036,ftp://ftp.sra.ebi.ac.uk/vol1/run/ERR323/ERR3239695/NA19036.final.cram,a37950c1082f651a7b06bd49059eaf68
NA20847,ftp://ftp.sra.ebi.ac.uk/vol1/run/ERR323/ERR3239999/NA20847.final.cram,c14b71d6a00d92bbcae223e4f458c878
NA12144,ftp://ftp.sra.ebi.ac.uk/vol1/run/ERR323/ERR3239307/NA12144.final.cram,26da6fa57aab5871cdf288f70a5c68e4
NA12249,ftp://ftp.sra.ebi.ac.uk/vol1/run/ERR323/ERR3239312/NA12249.final.cram,038231d5e30d9f514b512fdad7a333cf
NA12750,ftp://ftp.sra.ebi.ac.uk/vol1/run/ERR323/ERR3239319/NA12750.final.cram,3de6792722400a5ce197c8b4e2102676
NA12763,ftp://ftp.sra.ebi.ac.uk/vol1/run/ERR323/ERR3239324/NA12763.final.cram,bf07d8415adebdbe6cdbb9a825ca46f2
NA18907,ftp://ftp.sra.ebi.ac.uk/vol1/run/ERR323/ERR3239388/NA18907.final.cram,2b9c54e4418b978e7334a57e38a54240
NA12812,ftp://ftp.sra.ebi.ac.uk/vol1/run/ERR323/ERR3239326/NA12812.final.cram,d2dbad25802e087febe7cd69513d1c11
NA12874,ftp://ftp.sra.ebi.ac.uk/vol1/run/ERR323/ERR3239333/NA12874.final.cram,2d5979b1119e5c74f89d68209d712237
NA18499,ftp://ftp.sra.ebi.ac.uk/vol1/run/ERR323/ERR3239338/NA18499.final.cram,2e81b7fa1eb745f347b210700c99eb3e
NA18861,ftp://ftp.sra.ebi.ac.uk/vol1/run/ERR323/ERR3239385/NA18861.final.cram,313ba08d89c97bd298abed36e913f7ef
NA18510,ftp://ftp.sra.ebi.ac.uk/vol1/run/ERR323/ERR3239345/NA18510.final.cram,b6ed68403c873d0855ca12ef9f1bbabb
NA18912,ftp://ftp.sra.ebi.ac.uk/vol1/run/ERR323/ERR3239390/NA18912.final.cram,67e44a9592abbb1fd7b06e42aed1c506
HG00100,ftp://ftp.sra.ebi.ac.uk/vol1/run/ERR324/ERR3240117/HG00100.final.cram,05113ae6aca6870f29962612001a3a3d
NA19114,ftp://ftp.sra.ebi.ac.uk/vol1/run/ERR323/ERR3239427/NA19114.final.cram,ff0d47cdff2a2f86843ccbefece367eb
NA19137,ftp://ftp.sra.ebi.ac.uk/vol1/run/ERR323/ERR3239432/NA19137.final.cram,243d2d60e44b1bd4867d7266c9763d12
NA19143,ftp://ftp.sra.ebi.ac.uk/vol1/run/ERR323/ERR3239435/NA19143.final.cram,c78d35fa3583a9d9f23001e6a77cf541
HG00096,ftp://ftp.sra.ebi.ac.uk/vol1/run/ERR324/ERR3240114/HG00096.final.cram,d3354f61a055adfcfc988470bc507b2d
HG00102,ftp://ftp.sra.ebi.ac.uk/vol1/run/ERR324/ERR3240119/HG00102.final.cram,6341c6a92db5fa0c498bcff5238e8321
HG00108,ftp://ftp.sra.ebi.ac.uk/vol1/run/ERR324/ERR3240124/HG00108.final.cram,196d261b28ff4c14d6dffc74f370e711
NA19093,ftp://ftp.sra.ebi.ac.uk/vol1/run/ERR323/ERR3239422/NA19093.final.cram,b8bfba41746eee3f8f7247e846de9c0b
HG00110,ftp://ftp.sra.ebi.ac.uk/vol1/run/ERR324/ERR3240126/HG00110.final.cram,9fc30d37481342da0cefcbe985691e7f
NA19119,ftp://ftp.sra.ebi.ac.uk/vol1/run/ERR323/ERR3239429/NA19119.final.cram,a89fc2428b931729b0fb4f5d3806b353
NA18858,ftp://ftp.sra.ebi.ac.uk/vol1/run/ERR323/ERR3239384/NA18858.final.cram,434daf9f1771067480a124697deb1fef
HG00115,ftp://ftp.sra.ebi.ac.uk/vol1/run/ERR324/ERR3240131/HG00115.final.cram,04989d906b5498587302b4c73b42e054
NA19141,ftp://ftp.sra.ebi.ac.uk/vol1/run/ERR323/ERR3239434/NA19141.final.cram,5eeb5859676791a69d4c4da93a55d8a1
NA18909,ftp://ftp.sra.ebi.ac.uk/vol1/run/ERR323/ERR3239389/NA18909.final.cram,0f04e45e41694adfe31b8882ded39f4b
HG00130,ftp://ftp.sra.ebi.ac.uk/vol1/run/ERR324/ERR3240138/HG00130.final.cram,951c49c01db55f30ca5dc34db402be06
NA19153,ftp://ftp.sra.ebi.ac.uk/vol1/run/ERR323/ERR3239439/NA19153.final.cram,565e4eaffce4ce1cdcf8292d81b92110
NA19160,ftp://ftp.sra.ebi.ac.uk/vol1/run/ERR323/ERR3239441/NA19160.final.cram,1222b3fe40d6e136fd4c59028fc5b8d2
NA19201,ftp://ftp.sra.ebi.ac.uk/vol1/run/ERR323/ERR3239446/NA19201.final.cram,256b556f0ba86811ae8322c0e2ab79f3
NA19238,ftp://ftp.sra.ebi.ac.uk/vol1/run/ERR323/ERR3239453/NA19238.final.cram,85b877e013035fa239e614004d74c98d
NA20503,ftp://ftp.sra.ebi.ac.uk/vol1/run/ERR323/ERR3239786/NA20503.final.cram,47e23b70f2a465e56098821c0740edd5
NA20505,ftp://ftp.sra.ebi.ac.uk/vol1/run/ERR323/ERR3239788/NA20505.final.cram,0341c16a741063086cfaf598d096c616
HG00105,ftp://ftp.sra.ebi.ac.uk/vol1/run/ERR324/ERR3240121/HG00105.final.cram,22d86da710dcba996f128ba315a19cc6
NA20512,ftp://ftp.sra.ebi.ac.uk/vol1/run/ERR323/ERR3239795/NA20512.final.cram,295f061d356f8615fa3ea419d9eb4ae8
HG00112,ftp://ftp.sra.ebi.ac.uk/vol1/run/ERR324/ERR3240128/HG00112.final.cram,2bc97a64b1d6609515bc2f7d5c4ec1ca
NA20517,ftp://ftp.sra.ebi.ac.uk/vol1/run/ERR323/ERR3239800/NA20517.final.cram,084f4ac2a70825cf4d03755be67d2f64
HG00117,ftp://ftp.sra.ebi.ac.uk/vol1/run/ERR324/ERR3240133/HG00117.final.cram,0f2234ed5353446289e64a49290f892e
NA20519,ftp://ftp.sra.ebi.ac.uk/vol1/run/ERR323/ERR3239802/NA20519.final.cram,4e5a7303c6baf36d40b9f3001cff57c7
HG00127,ftp://ftp.sra.ebi.ac.uk/vol1/run/ERR324/ERR3240135/HG00127.final.cram,97563c6d9c1cff8e434c1a7c111fd30d
NA20525,ftp://ftp.sra.ebi.ac.uk/vol1/run/ERR323/ERR3239807/NA20525.final.cram,3894c1cb6636d351df4ce775b3e2c275
NA19144,ftp://ftp.sra.ebi.ac.uk/vol1/run/ERR323/ERR3239436/NA19144.final.cram,728737791d03ad9fee99a60187ba20ea
HG00138,ftp://ftp.sra.ebi.ac.uk/vol1/run/ERR324/ERR3240144/HG00138.final.cram,21b6e9476ccae13cf2e311e35a061271
NA19172,ftp://ftp.sra.ebi.ac.uk/vol1/run/ERR323/ERR3239443/NA19172.final.cram,cb0af90465ac9977682727ab43b2d21e
HG00143,ftp://ftp.sra.ebi.ac.uk/vol1/run/ERR324/ERR3240149/HG00143.final.cram,c2d5eea951054c05a82129da72b085df
NA19206,ftp://ftp.sra.ebi.ac.uk/vol1/run/ERR323/ERR3239448/NA19206.final.cram,073502a348eec339828515d358fa55cb
HG00148,ftp://ftp.sra.ebi.ac.uk/vol1/run/ERR324/ERR3240152/HG00148.final.cram,f4e87e0237ac9338942f77d86b9a0a29
NA19257,ftp://ftp.sra.ebi.ac.uk/vol1/run/ERR323/ERR3239455/NA19257.final.cram,2da7efd36239b026f2ff1418267aaf07
HG00157,ftp://ftp.sra.ebi.ac.uk/vol1/run/ERR324/ERR3240157/HG00157.final.cram,b16f6aaf4f379259a7e96b2e80b3a493
NA20507,ftp://ftp.sra.ebi.ac.uk/vol1/run/ERR323/ERR3239790/NA20507.final.cram,f0e52cfa9b930f7e644dbf079444c4a7
NA11843,ftp://ftp.sra.ebi.ac.uk/vol1/run/ERR323/ERR3239460/NA11843.final.cram,41d6cd4c85461bfa61c1246d8f591cec
NA20509,ftp://ftp.sra.ebi.ac.uk/vol1/run/ERR323/ERR3239792/NA20509.final.cram,23811002ad31d4237d8867b29a820e24
NA12272,ftp://ftp.sra.ebi.ac.uk/vol1/run/ERR323/ERR3239465/NA12272.final.cram,4ac0db845b47f300076216ea1f7f0ba0
NA20514,ftp://ftp.sra.ebi.ac.uk/vol1/run/ERR323/ERR3239797/NA20514.final.cram,2b10e6c2f4e1d7bda9df7da739214d0e
NA12275,ftp://ftp.sra.ebi.ac.uk/vol1/run/ERR323/ERR3239467/NA12275.final.cram,e0ba951d857c5cd4611c4ef6ac00081f
NA20521,ftp://ftp.sra.ebi.ac.uk/vol1/run/ERR323/ERR3239804/NA20521.final.cram,79066fa0e73fa37168cda984f3ab8765
NA12341,ftp://ftp.sra.ebi.ac.uk/vol1/run/ERR323/ERR3239472/NA12341.final.cram,788771fd3a66cc9a1e77f46fc7df5e6a
NA20528,ftp://ftp.sra.ebi.ac.uk/vol1/run/ERR323/ERR3239809/NA20528.final.cram,966dba822529cec8efcfff06e6dbdbd5
NA12413,ftp://ftp.sra.ebi.ac.uk/vol1/run/ERR323/ERR3239479/NA12413.final.cram,4c1df952456928524644ddff5570a549
HG00133,ftp://ftp.sra.ebi.ac.uk/vol1/run/ERR324/ERR3240141/HG00133.final.cram,60184565accb5f0a943d17cdac1bce5f
NA20541,ftp://ftp.sra.ebi.ac.uk/vol1/run/ERR323/ERR3239821/NA20541.final.cram,920ec9268daad21fef09172612b1d082
HG00150,ftp://ftp.sra.ebi.ac.uk/vol1/run/ERR324/ERR3240154/HG00150.final.cram,e1c9386a0568026cc697259c79d6c78d
NA20582,ftp://ftp.sra.ebi.ac.uk/vol1/run/ERR323/ERR3239826/NA20582.final.cram,56a41f5e169a501f921273cfb4419df2
HG00160,ftp://ftp.sra.ebi.ac.uk/vol1/run/ERR324/ERR3240159/HG00160.final.cram,c2a61fd3322f0a5853bb3a1a8f624c17
NA20586,ftp://ftp.sra.ebi.ac.uk/vol1/run/ERR323/ERR3239828/NA20586.final.cram,cf6528d754d9cf646e8522690186e4cc
HG00173,ftp://ftp.sra.ebi.ac.uk/vol1/run/ERR324/ERR3240161/HG00173.final.cram,309f032d3bfde7fcabfec253ee462118
HG00176,ftp://ftp.sra.ebi.ac.uk/vol1/run/ERR324/ERR3240163/HG00176.final.cram,8da27fcf36a04d7f25bd843be79994f7
NA11893,ftp://ftp.sra.ebi.ac.uk/vol1/run/ERR323/ERR3239462/NA11893.final.cram,886c0a5698907c329cd5b91d0399d163
HG00183,ftp://ftp.sra.ebi.ac.uk/vol1/run/ERR324/ERR3240170/HG00183.final.cram,f3e639be2211f52edf8591ab04cd2e24
NA12283,ftp://ftp.sra.ebi.ac.uk/vol1/run/ERR323/ERR3239469/NA12283.final.cram,6c8ded8d330171750f4c9bf6b90cea27
NA19116,ftp://ftp.sra.ebi.ac.uk/vol1/run/ERR323/ERR3239428/NA19116.final.cram,2588ff0e4eeaa881bbbeaf1250938e0d
HG00189,ftp://ftp.sra.ebi.ac.uk/vol1/run/ERR324/ERR3240175/HG00189.final.cram,931180b0b5e69989f7bc6ec16b813a6a
NA12347,ftp://ftp.sra.ebi.ac.uk/vol1/run/ERR323/ERR3239474/NA12347.final.cram,90860cca491e40a5cbb62c833ec4b2c0
NA19138,ftp://ftp.sra.ebi.ac.uk/vol1/run/ERR323/ERR3239433/NA19138.final.cram,a91ecd6b779b7cc896a320c429927af1
HG00233,ftp://ftp.sra.ebi.ac.uk/vol1/run/ERR324/ERR3240177/HG00233.final.cram,69cd79b732d6f0ebc6c29a191e8371e7
NA20530,ftp://ftp.sra.ebi.ac.uk/vol1/run/ERR323/ERR3239811/NA20530.final.cram,f60d78f06d04b0cd4e4f5afc7980fb37
HG00255,ftp://ftp.sra.ebi.ac.uk/vol1/run/ERR324/ERR3240182/HG00255.final.cram,3d33769b4958aba01099d0cd1a7aff69
NA20535,ftp://ftp.sra.ebi.ac.uk/vol1/run/ERR323/ERR3239816/NA20535.final.cram,cfb4a598b2ba034712568951d8e974a9
NA20538,ftp://ftp.sra.ebi.ac.uk/vol1/run/ERR323/ERR3239818/NA20538.final.cram,eea95a0d280cf1a39643d2fa816793ba
NA20543,ftp://ftp.sra.ebi.ac.uk/vol1/run/ERR323/ERR3239823/NA20543.final.cram,eeef9e100d5f73fb3af4888bbab82fc5
NA20588,ftp://ftp.sra.ebi.ac.uk/vol1/run/ERR323/ERR3239830/NA20588.final.cram,3c9fec3a8060c0356fda802cccc5cf42
NA20502,ftp://ftp.sra.ebi.ac.uk/vol1/run/ERR323/ERR3239785/NA20502.final.cram,829300e788532ebefb309d3b404ff1dc
HG02215,ftp://ftp.sra.ebi.ac.uk/vol1/run/ERR324/ERR3242188/HG02215.final.cram,376747dc64cfdd9ffae04156a4fb02bc
HG00103,ftp://ftp.sra.ebi.ac.uk/vol1/run/ERR324/ERR3240120/HG00103.final.cram,47ef1211c147fa6f810731f02c9c095c
HG00180,ftp://ftp.sra.ebi.ac.uk/vol1/run/ERR324/ERR3240167/HG00180.final.cram,0a1953e8d23ef8a0efd214c88ec6a261
HG00111,ftp://ftp.sra.ebi.ac.uk/vol1/run/ERR324/ERR3240127/HG00111.final.cram,7d40b4dfd65cc3ddc2f1a7cd98c30dc6
HG00186,ftp://ftp.sra.ebi.ac.uk/vol1/run/ERR324/ERR3240172/HG00186.final.cram,f8b12fc775faa2297010bcda1cd709f1
HG00116,ftp://ftp.sra.ebi.ac.uk/vol1/run/ERR324/ERR3240132/HG00116.final.cram,8301b2004ca37d52c079d30e411b63bb
HG00235,ftp://ftp.sra.ebi.ac.uk/vol1/run/ERR324/ERR3240179/HG00235.final.cram,35dc60b348de8bc0b8a0e2c250c144ab
HG00131,ftp://ftp.sra.ebi.ac.uk/vol1/run/ERR324/ERR3240139/HG00131.final.cram,8aadd7fe8f28394e6c99a873067c981c
NA19159,ftp://ftp.sra.ebi.ac.uk/vol1/run/ERR323/ERR3239440/NA19159.final.cram,61f941e6cb39575eba28fc77044a79a0
NA19171,ftp://ftp.sra.ebi.ac.uk/vol1/run/ERR323/ERR3239442/NA19171.final.cram,316c2516c4da05088bba2a45a70cbd2e
NA19204,ftp://ftp.sra.ebi.ac.uk/vol1/run/ERR323/ERR3239447/NA19204.final.cram,f3a217aec803608f77a285ff2082b1e3
NA19239,ftp://ftp.sra.ebi.ac.uk/vol1/run/ERR323/ERR3239454/NA19239.final.cram,155b2fdac4b19b6ca06abdcaa9d9d721
NA20506,ftp://ftp.sra.ebi.ac.uk/vol1/run/ERR323/ERR3239789/NA20506.final.cram,94004f79aa7fa2bc764d6207c586466c
NA20508,ftp://ftp.sra.ebi.ac.uk/vol1/run/ERR323/ERR3239791/NA20508.final.cram,224640b4feb73b4c73ec698ef9a7d816
NA20513,ftp://ftp.sra.ebi.ac.uk/vol1/run/ERR323/ERR3239796/NA20513.final.cram,735720f1fd677c7074462e77faddc79d
NA20520,ftp://ftp.sra.ebi.ac.uk/vol1/run/ERR323/ERR3239803/NA20520.final.cram,ced566936ed164837d5208368730e719
NA20527,ftp://ftp.sra.ebi.ac.uk/vol1/run/ERR323/ERR3239808/NA20527.final.cram,3efe5965c02d56d7cc60efd5759cc850
HG00139,ftp://ftp.sra.ebi.ac.uk/vol1/run/ERR324/ERR3240145/HG00139.final.cram,2ef9e43a96da5640bd97ac79c75b322d
HG00145,ftp://ftp.sra.ebi.ac.uk/vol1/run/ERR324/ERR3240150/HG00145.final.cram,2080c314299bcc9e3d795927a0266105
HG00149,ftp://ftp.sra.ebi.ac.uk/vol1/run/ERR324/ERR3240153/HG00149.final.cram,025c8160e46ff3771b0458f97e231556
HG00158,ftp://ftp.sra.ebi.ac.uk/vol1/run/ERR324/ERR3240158/HG00158.final.cram,40ac04ed004f9140a75e4d74c4e3f015
NA11892,ftp://ftp.sra.ebi.ac.uk/vol1/run/ERR323/ERR3239461/NA11892.final.cram,20b854b095f971812a98b9ca256db17f
NA12273,ftp://ftp.sra.ebi.ac.uk/vol1/run/ERR323/ERR3239466/NA12273.final.cram,9ecd559c2b40c841b187a5e20058e647
NA12282,ftp://ftp.sra.ebi.ac.uk/vol1/run/ERR323/ERR3239468/NA12282.final.cram,8a7197bf2b55cdc32109183d9f75ee3d
NA12342,ftp://ftp.sra.ebi.ac.uk/vol1/run/ERR323/ERR3239473/NA12342.final.cram,73954b9be0cd76031b776a2c5cefebc0
NA20529,ftp://ftp.sra.ebi.ac.uk/vol1/run/ERR323/ERR3239810/NA20529.final.cram,d472f264bb159c43d2f52b2ae034c06f
NA20534,ftp://ftp.sra.ebi.ac.uk/vol1/run/ERR323/ERR3239815/NA20534.final.cram,c84b6685e6a4c6fdf3ffd7f629c4b4ac
NA20536,ftp://ftp.sra.ebi.ac.uk/vol1/run/ERR323/ERR3239817/NA20536.final.cram,3c971c37f9fa90d4f38d72ff6f408bb1
NA20542,ftp://ftp.sra.ebi.ac.uk/vol1/run/ERR323/ERR3239822/NA20542.final.cram,bee32a756429045727a4f254cde43713
HG00177,ftp://ftp.sra.ebi.ac.uk/vol1/run/ERR324/ERR3240164/HG00177.final.cram,fdc321f85cfed1a12ea23fe8b6a65321
HG00185,ftp://ftp.sra.ebi.ac.uk/vol1/run/ERR324/ERR3240171/HG00185.final.cram,756e03c77e55371990e5ca9c25429e1c
HG00234,ftp://ftp.sra.ebi.ac.uk/vol1/run/ERR324/ERR3240178/HG00234.final.cram,21aaa80130c65bc837f09009bb04dc19
HG00378,ftp://ftp.sra.ebi.ac.uk/vol1/run/ERR324/ERR3241659/HG00378.final.cram,7c09db52067b9c5713c37b312c54bfae
HG00380,ftp://ftp.sra.ebi.ac.uk/vol1/run/ERR324/ERR3241661/HG00380.final.cram,d6e8b05c906928d154071f1365a039c1
HG00382,ftp://ftp.sra.ebi.ac.uk/vol1/run/ERR324/ERR3241663/HG00382.final.cram,bace376ad11f0540804db7e8184e2365
HG00513,ftp://ftp.sra.ebi.ac.uk/vol1/run/ERR324/ERR3241684/HG00513.final.cram,f1d91b919c12b29695c266ad2ac1de95
HG00379,ftp://ftp.sra.ebi.ac.uk/vol1/run/ERR324/ERR3241660/HG00379.final.cram,244f71e99d0d177df3dae205aaf449d2
HG00731,ftp://ftp.sra.ebi.ac.uk/vol1/run/ERR324/ERR3241754/HG00731.final.cram,8e1c3b989bec200bba2c675d426978cc
HG01596,ftp://ftp.sra.ebi.ac.uk/vol1/run/ERR324/ERR3242063/HG01596.final.cram,ce4831bbf8cf901036bad3af6371fb27
HG00732,ftp://ftp.sra.ebi.ac.uk/vol1/run/ERR324/ERR3241755/HG00732.final.cram,09a5b7c05d7c7acb2805a95fa4f371f4
NA12546,ftp://ftp.sra.ebi.ac.uk/vol1/run/ERR324/ERR3243163/NA12546.final.cram,b0e387874dcbbf158129617cbeb64e73
HG00274,ftp://ftp.sra.ebi.ac.uk/vol1/run/ERR324/ERR3241783/HG00274.final.cram,e3884d179859eb3244632bfdd4446972
HG00280,ftp://ftp.sra.ebi.ac.uk/vol1/run/ERR324/ERR3241788/HG00280.final.cram,72fde8e8602d24fcb01bfec363bef923
HG00282,ftp://ftp.sra.ebi.ac.uk/vol1/run/ERR324/ERR3241790/HG00282.final.cram,e00340b4e6b847e62c5f2c778d05adf3
HG00325,ftp://ftp.sra.ebi.ac.uk/vol1/run/ERR324/ERR3241795/HG00325.final.cram,0d97f58680b671e1324ca49db19dde23
HG00864,ftp://ftp.sra.ebi.ac.uk/vol1/run/ERR324/ERR3242132/HG00864.final.cram,3322dd60a1d267d64df8820751f8e823
HG00246,ftp://ftp.sra.ebi.ac.uk/vol1/run/ERR324/ERR3241780/HG00246.final.cram,7be0f0d2bc9e1c17af03a29195ce08c5
HG00276,ftp://ftp.sra.ebi.ac.uk/vol1/run/ERR324/ERR3241785/HG00276.final.cram,a966df44bc354431570df2efdffa59d6
HG00285,ftp://ftp.sra.ebi.ac.uk/vol1/run/ERR324/ERR3241792/HG00285.final.cram,b123150c798fe37ca6d0e53bcbebbec8
HG00329,ftp://ftp.sra.ebi.ac.uk/vol1/run/ERR324/ERR3241797/HG00329.final.cram,bded6946fbc6ab8797301cbb8f5aadcf
HG00331,ftp://ftp.sra.ebi.ac.uk/vol1/run/ERR324/ERR3241799/HG00331.final.cram,97f2f0c792004f66a046c7b68556b0bd
HG00334,ftp://ftp.sra.ebi.ac.uk/vol1/run/ERR324/ERR3241801/HG00334.final.cram,3b760a6466db74953d39757e76c39185
HG00383,ftp://ftp.sra.ebi.ac.uk/vol1/run/ERR324/ERR3241803/HG00383.final.cram,a6f5d48824de70afbfebb412650f4adb
HG00154,ftp://ftp.sra.ebi.ac.uk/vol1/run/ERR324/ERR3241779/HG00154.final.cram,ff14d3bb614daa999879f54aa63b18d5
HG00275,ftp://ftp.sra.ebi.ac.uk/vol1/run/ERR324/ERR3241784/HG00275.final.cram,b223df6d563d008b8aa3e7cb7ecbad05
HG00284,ftp://ftp.sra.ebi.ac.uk/vol1/run/ERR324/ERR3241791/HG00284.final.cram,acc10f9014ff56b97f62ba4263055e6b
HG00326,ftp://ftp.sra.ebi.ac.uk/vol1/run/ERR324/ERR3241796/HG00326.final.cram,ecf66ac035241b014510fe6b94f1d9f7
HG01789,ftp://ftp.sra.ebi.ac.uk/vol1/run/ERR324/ERR3242185/HG01789.final.cram,41b218acdaf2744af8947515af5923f7
HG00332,ftp://ftp.sra.ebi.ac.uk/vol1/run/ERR324/ERR3241800/HG00332.final.cram,f27b7e0130b2ad9edeabcdacd5d27b20
HG02492,ftp://ftp.sra.ebi.ac.uk/vol1/run/ERR398/ERR3989019/HG02492.final.cram,437c7c5fcc7ebd90c7d89188bf311295
HG02587,ftp://ftp.sra.ebi.ac.uk/vol1/run/ERR398/ERR3989031/HG02587.final.cram,d19d5418f7704a077197607d677be4be
NA19240,ftp://ftp.sra.ebi.ac.uk/vol1/run/ERR398/ERR3989410/NA19240.final.cram,e6d4b9e1e19d1f4d4f5de6a0d16d9c10
NA19150,ftp://ftp.sra.ebi.ac.uk/vol1/run/ERR398/ERR3989389/NA19150.final.cram,a6a1f26cbfdc312ecb53d9612ebd8b73
HG03371,ftp://ftp.sra.ebi.ac.uk/vol1/run/ERR398/ERR3989162/HG03371.final.cram,0ed4dcf2cb667aec0d70d72e7a1acdfa
NA19983,ftp://ftp.sra.ebi.ac.uk/vol1/run/ERR398/ERR3989454/NA19983.final.cram,ddec0b744e29a7633c662395c22f3667
HG03732,ftp://ftp.sra.ebi.ac.uk/vol1/run/ERR398/ERR3989210/HG03732.final.cram,172ca2533ee809c117d268a006ce3565
HG00733,ftp://ftp.sra.ebi.ac.uk/vol1/run/ERR398/ERR3988823/HG00733.final.cram,e8d20a541647411285090cdc051a4b01
HG01505,ftp://ftp.sra.ebi.ac.uk/vol1/run/ERR398/ERR3988892/HG01505.final.cram,f0b714ecf794fece8228ee191fb55400
NA12329,ftp://ftp.sra.ebi.ac.uk/vol1/run/ERR398/ERR3989317/NA12329.final.cram,e2dc62ff664ab3cc825303fc414ec6a0
HG02018,ftp://ftp.sra.ebi.ac.uk/vol1/run/ERR398/ERR3988975/HG02018.final.cram,f850e4348e4adcb8c05a1d336173ac53